code	name	category	subcategory	price	image	colors
NB-373	Abridor de botellas con forma de jarra acero inoxidable	Sublimación y personalización	Llaveros y accesorios	₡2 500	/products/catalog-verified/nb-373/01-blanco.webp	Blanco
NB-374	Abridor de botellas grande acero inoxidable	Sublimación y personalización	Llaveros y accesorios	₡3 000	/products/catalog-verified/nb-374/01-blanco.webp	Blanco
NB-375	Abridor de botellas grande acero inoxidable 4x14cm	Sublimación y personalización	Llaveros y accesorios	₡4 000	/products/catalog-verified/nb-375/01-blanco.webp	Blanco
NB-376	Abridor de botellas metalico forma de chapa magnetico	Sublimación y personalización	Llaveros y accesorios	₡4 000	/products/catalog-verified/nb-376/01-modelo-unico.webp	
NB-377	Abridor de botellas tipo carta naipe 5.3 cm x 8.5 cm	Sublimación y personalización	Llaveros y accesorios	₡3 500	/products/catalog-verified/nb-377/01-modelo-unico.webp	
NB-289	Adorno cruz de ceramica 15x20 cm	Sublimación y personalización	Hogar y decoración	₡4 000	/products/catalog-verified/nb-289/01-modelo-unico.webp	
NB-290	Alcancia	Sublimación y personalización	Hogar y decoración	₡4 500	/products/catalog-verified/nb-290/01-modelo-unico.webp	
NB-291	Alcancia de ceramica	Sublimación y personalización	Hogar y decoración	₡5 500	/products/catalog-verified/nb-291/01-modelo-unico.webp	
NB-292	Alcancia de madera con ceramica 20x20 cm	Sublimación y personalización	Hogar y decoración	₡11 500	/products/catalog-verified/nb-292/01-modelo-unico.webp	
NB-293	Alfombra 40x60 cm	Sublimación y personalización	Hogar y decoración	₡5 000	/products/catalog-verified/nb-293/01-modelo-unico.webp	
NB-294	Alfombra rectángular 50x68cm	Sublimación y personalización	Hogar y decoración	₡12 000	/products/catalog-verified/nb-294/01-modelo-unico.webp	
NB-295	Alfombra rectángular 60x40cm	Sublimación y personalización	Hogar y decoración	₡14 500	/products/catalog-verified/nb-295/01-modelo-unico.webp	
NB-296	Alfombra rectangular 75x45cm	Sublimación y personalización	Hogar y decoración	₡20 500	/products/catalog-verified/nb-296/01-modelo-unico.webp	
NB-297	Alfombra semi circular 80x50cm	Sublimación y personalización	Hogar y decoración	₡20 500	/products/catalog-verified/nb-297/01-modelo-unico.webp	
NB-588	Babero vivo	Sublimación y personalización	Textiles y bolsos	₡2 000	/products/catalog-verified/nb-588/01-fucsia.webp	Fucsia, Lila, Rojo, Turquesa, Celeste, Rosa
NB-589	Bandana mágica multifuncional	Sublimación y personalización	Textiles y bolsos	₡3 000	/products/catalog-verified/nb-589/01-modelo-unico.webp	
NB-298	Base luminosa cuadrada con luz led 10x10x2cm	Sublimación y personalización	Hogar y decoración	₡7 500	/products/catalog-verified/nb-298/01-modelo-unico.webp	
NB-299	Base luminosa redonda con luz led 10x10x2cm	Sublimación y personalización	Hogar y decoración	₡7 500	/products/catalog-verified/nb-299/01-modelo-unico.webp	
NB-590	Billetera 18x8cm	Sublimación y personalización	Textiles y bolsos	₡18 000	/products/catalog-verified/nb-590/01-modelo-unico.webp	
NB-591	Billetera de cuero sintético grande	Sublimación y personalización	Textiles y bolsos	₡21 000	/products/catalog-verified/nb-591/01-modelo-unico.webp	
NB-592	Billetera de cuero sintético pequeñ	Sublimación y personalización	Textiles y bolsos	₡19 500	/products/catalog-verified/nb-592/01-modelo-unico.webp	
NB-300	Block de notas cuadrado	Sublimación y personalización	Hogar y decoración	₡7 000	/products/catalog-verified/nb-300/01-modelo-unico.webp	
NB-301	Block de notas rectangular	Sublimación y personalización	Hogar y decoración	₡7 000	/products/catalog-verified/nb-301/01-modelo-unico.webp	
NB-594	Bolso cambrel 18x20cm	Sublimación y personalización	Textiles y bolsos	₡1 500	/products/catalog-verified/nb-594/01-modelo-unico.webp	
NB-595	Bolso cambrel tipo sobre 25 cm x 35 cm	Sublimación y personalización	Textiles y bolsos	₡2 000	/products/catalog-verified/nb-595/01-modelo-unico.webp	
NB-596	Bolso canvas 17x20cm	Sublimación y personalización	Textiles y bolsos	₡4 500	/products/catalog-verified/nb-596/01-modelo-unico.webp	
NB-597	Bolso canvas 48x35cm	Sublimación y personalización	Textiles y bolsos	₡9 500	/products/catalog-verified/nb-597/01-modelo-unico.webp	
NB-598	Bolso compras cambrel 10x26x30cm	Sublimación y personalización	Textiles y bolsos	₡2 500	/products/catalog-verified/nb-598/01-modelo-unico.webp	
NB-599	Bolso con agarradera 34x38cm	Sublimación y personalización	Textiles y bolsos	₡10 500	/products/catalog-verified/nb-599/01-modelo-unico.webp	
NB-600	Bolso con cordón 32x40cm	Sublimación y personalización	Textiles y bolsos	₡7 000	/products/catalog-verified/nb-600/01-modelo-unico.webp	
NB-601	Bolso confitero 20x27 cm	Sublimación y personalización	Textiles y bolsos	₡2 500	/products/catalog-verified/nb-601/01-modelo-unico.webp	
NB-201	Bolso de cambrel para botellas 11x11x35cm	Sublimación y personalización	Botellas y termos	₡3 000	/products/catalog-verified/nb-201/01-modelo-unico.webp	
NB-602	Bolso de cambrel para pan 15x10x60cm	Sublimación y personalización	Textiles y bolsos	₡3 000	/products/catalog-verified/nb-602/01-modelo-unico.webp	
NB-603	Bolso de compras cambrel 32.5x26cm	Sublimación y personalización	Textiles y bolsos	₡2 000	/products/catalog-verified/nb-603/01-modelo-unico.webp	
NB-604	Bolso de compras cambrel 38x39cm	Sublimación y personalización	Textiles y bolsos	₡2 500	/products/catalog-verified/nb-604/01-modelo-unico.webp	
NB-605	Bolso de compras eco plegable	Sublimación y personalización	Textiles y bolsos	₡3 500	/products/catalog-verified/nb-605/01-modelo-unico.webp	
NB-606	Bolso de hombro 37x38 cm	Sublimación y personalización	Textiles y bolsos	₡5 000	/products/catalog-verified/nb-606/01-blanco.webp	Blanco, Negro
NB-608	Bolso de hombro manta	Sublimación y personalización	Textiles y bolsos	₡8 000	/products/catalog-verified/nb-608/01-modelo-unico.webp	
NB-609	Bolso de lino arena grande 45x34x20	Sublimación y personalización	Textiles y bolsos	₡8 000	/products/catalog-verified/nb-609/01-modelo-unico.webp	
NB-610	Bolso de lino arena pequeño 27x25x12	Sublimación y personalización	Textiles y bolsos	₡6 000	/products/catalog-verified/nb-610/01-modelo-unico.webp	
NB-611	Bolso de lino grande 45x34x20cm	Sublimación y personalización	Textiles y bolsos	₡9 000	/products/catalog-verified/nb-611/01-modelo-unico.webp	
NB-612	Bolso de lino mediano 32x30x20cm	Sublimación y personalización	Textiles y bolsos	₡6 500	/products/catalog-verified/nb-612/01-modelo-unico.webp	
NB-613	Bolso de lino mediano arena 32x30x20cm	Sublimación y personalización	Textiles y bolsos	₡6 500	/products/catalog-verified/nb-613/01-modelo-unico.webp	
NB-614	Bolso de lino pequeno 27x25x12cm	Sublimación y personalización	Textiles y bolsos	₡6 500	/products/catalog-verified/nb-614/01-modelo-unico.webp	
NB-615	Bolso de mano 34x34cm	Sublimación y personalización	Textiles y bolsos	₡9 000	/products/catalog-verified/nb-615/01-modelo-unico.webp	
NB-617	Bolso espalda 32 x 38 cm	Sublimación y personalización	Textiles y bolsos	₡5 500	/products/catalog-verified/nb-617/01-blanco.webp	Blanco, Negro
NB-619	Bolso para gimnasio nylon oxford	Sublimación y personalización	Textiles y bolsos	₡5 000	/products/catalog-verified/nb-619/01-modelo-unico.webp	
NB-620	Bolso para gimnasio polyester	Sublimación y personalización	Textiles y bolsos	₡9 000	/products/catalog-verified/nb-620/01-modelo-unico.webp	
NB-621	Bolso supermercado cambrel 22x40x35cm	Sublimación y personalización	Textiles y bolsos	₡4 000	/products/catalog-verified/nb-621/01-modelo-unico.webp	
NB-202	Botella 24 oz térmica con compartimiento acero inoxidable 304	Sublimación y personalización	Botellas y termos	₡16 500	/products/catalog-verified/nb-202/01-plateado.webp	Plateado, Blanco, Celeste neón, Rosa neón
NB-203	Botella 32 oz acero inoxidable 304	Sublimación y personalización	Botellas y termos	₡18 000	/products/catalog-verified/nb-203/01-blanco.webp	Blanco, Verde neón, Menta, Rosa, Negro
NB-205	Botella 500 ml con tapa acero inoxidable	Sublimación y personalización	Botellas y termos	₡10 000	/products/catalog-verified/nb-205/01-transparente.webp	Transparente
NB-206	Botella 500 ml niño tapa	Sublimación y personalización	Botellas y termos	₡6 500	/products/catalog-verified/nb-206/01-blanco-verde-azul.webp	Blanco / Verde / Azul, Blanco / Amarillo / Azul, Blanco / Verde / Rosa, Blanco / Naranja / Azul, Blanco / Rosa / Azul
NB-207	Botella 600 ml con agarradera	Sublimación y personalización	Botellas y termos	₡5 500	/products/catalog-verified/nb-207/01-plateado.webp	Plateado
NB-208	Botella 600 ml térmica de acero inoxidable (grabado láser)	Sublimación y personalización	Botellas y termos	₡15 000	/products/catalog-verified/nb-208/01-fucsia.webp	Fucsia, Amarillo, Negro
NB-209	Botella 650 ml con agarradera	Sublimación y personalización	Botellas y termos	₡5 500	/products/catalog-verified/nb-209/01-blanco.webp	Blanco
NB-210	Botella 650 ml tapa	Sublimación y personalización	Botellas y termos	₡6 500	/products/catalog-verified/nb-210/01-blanco-morado.webp	Blanco / Morado, Blanco / Negro, Blanco / Verde, Blanco / Azul, Blanco / Rojo
NB-211	Botella 750 ml botón press tapa	Sublimación y personalización	Botellas y termos	₡5 500	/products/catalog-verified/nb-211/01-plateado-azul.webp	Plateado / Azul, Plateado / Rojo, Plateado / Negro
NB-212	Botella 750 ml tapa y carabina	Sublimación y personalización	Botellas y termos	₡5 500	/products/catalog-verified/nb-212/01-blanco-negro.webp	Blanco / Negro, Blanco / Verde, Blanco / Rojo, Blanco / Azul
NB-213	Botella acero inoxidable doble capa de 500 ml de bolo	Sublimación y personalización	Botellas y termos	₡16 500	/products/catalog-verified/nb-213/01-plateado.webp	Plateado
NB-214	Botella acero inoxidable mate	Sublimación y personalización	Botellas y termos	₡10 500	/products/catalog-verified/nb-214/01-rosa.webp	Rosa, Verde / Menta, Azul, Amarillo
NB-215	Botella aluminio 500 ml con agarradera	Sublimación y personalización	Botellas y termos	₡5 500	/products/catalog-verified/nb-215/01-plateado.webp	Plateado, Blanco
NB-216	Botella chupeta 700 ml	Sublimación y personalización	Botellas y termos	₡6 000	/products/catalog-verified/nb-216/01-blanco.webp	Blanco
NB-217	Botella coca-cola 18 oz	Sublimación y personalización	Botellas y termos	₡5 000	/products/catalog-verified/nb-217/01-blanco.webp	Blanco
NB-218	Botella con tapa y boton en 750 ml	Sublimación y personalización	Botellas y termos	₡5 500	/products/catalog-verified/nb-218/01-blanco-azul.webp	Blanco / Azul, Blanco / Rojo
NB-220	Botella de acero inoxidable 12 oz	Sublimación y personalización	Botellas y termos	₡15 500	/products/catalog-verified/nb-220/01-plateado.webp	Plateado
NB-221	Botella de acero inoxidable 500 ml térmica	Sublimación y personalización	Botellas y termos	₡13 500	/products/catalog-verified/nb-221/01-blanco.webp	Blanco
NB-222	Botella de acero inoxidable 750 ml térmica	Sublimación y personalización	Botellas y termos	₡17 500	/products/catalog-verified/nb-222/01-blanco.webp	Blanco, Plateado
NB-223	Botella de aluminio 600 ml	Sublimación y personalización	Botellas y termos	₡3 500	/products/catalog-verified/nb-223/01-plateado.webp	Plateado
NB-225	Botella de aluminio 750 ml	Sublimación y personalización	Botellas y termos	₡4 500	/products/catalog-verified/nb-225/01-blanco.webp	Blanco, Plateado
NB-226	Botella de aluminio 750 ml con agarradera	Sublimación y personalización	Botellas y termos	₡6 000	/products/catalog-verified/nb-226/01-blanco.webp	Blanco
NB-227	Botella de aluminio de 500 ml	Sublimación y personalización	Botellas y termos	₡6 000	/products/catalog-verified/nb-227/01-plateado.webp	Plateado, Blanco
NB-228	Botella de aluminio dos tapas 600 ml	Sublimación y personalización	Botellas y termos	₡6 000	/products/catalog-verified/nb-228/01-plateado.webp	Plateado, Blanco
NB-231	Botella de botón press 750 ml	Sublimación y personalización	Botellas y termos	₡5 500	/products/catalog-verified/nb-231/01-modelo-unico.webp	
NB-232	Botella de vidrio con tapa de bambu 750 ml	Sublimación y personalización	Botellas y termos	₡9 000	/products/catalog-verified/nb-232/01-modelo-unico.webp	
NB-233	Botella deportiva con boquilla 600 ml	Sublimación y personalización	Botellas y termos	₡6 000	/products/catalog-verified/nb-233/01-modelo-unico.webp	
NB-236	Botella escarchada acero inoxidable	Sublimación y personalización	Botellas y termos	₡15 000	/products/catalog-verified/nb-236/01-gris.webp	Gris, Verde / Menta, Dorado
NB-237	Botella para niño 400 ml	Sublimación y personalización	Botellas y termos	₡9 000	/products/catalog-verified/nb-237/01-celeste.webp	Celeste, Rosa
NB-238	Botella rosca 600 ml	Sublimación y personalización	Botellas y termos	₡4 000	/products/catalog-verified/nb-238/01-blanco.webp	Blanco, Plateado
NB-241	Botella térmica con tapa de bambu	Sublimación y personalización	Botellas y termos	₡15 000	/products/catalog-verified/nb-241/01-modelo-unico.webp	
NB-242	Botella termo sensible al tacto	Sublimación y personalización	Botellas y termos	₡18 000	/products/catalog-verified/nb-242/01-naranja-amarillo.webp	Naranja / Amarillo, Celeste / Rosa
NB-622	Camiseta polo waffit hombre talla l	Sublimación y personalización	Textiles y bolsos	₡7 500	/products/catalog-verified/nb-622/01-gris.webp	Gris, Negro, Rojo
NB-623	Camiseta polo waffit hombre talla m	Sublimación y personalización	Textiles y bolsos	₡7 500	/products/catalog-verified/nb-623/01-gris.webp	Gris, Negro, Rojo
NB-624	Camiseta polo waffit hombre talla s	Sublimación y personalización	Textiles y bolsos	₡7 500	/products/catalog-verified/nb-624/01-blanco.webp	Blanco, Gris, Negro, Rojo
NB-625	Camiseta polo waffit hombre talla xl	Sublimación y personalización	Textiles y bolsos	₡7 500	/products/catalog-verified/nb-625/01-blanco.webp	Blanco, Gris, Negro, Rojo
NB-483	Can cooler con velcro	Sublimación y personalización	Otros personalizados	₡3 000	/products/catalog-verified/nb-483/01-modelo-unico.webp	
NB-484	Can cooler de neopreno	Sublimación y personalización	Otros personalizados	₡2 500	/products/catalog-verified/nb-484/01-modelo-unico.webp	
NB-243	Cantimplora 8 oz	Sublimación y personalización	Botellas y termos	₡8 000	/products/catalog-verified/nb-243/01-blanco.webp	Blanco, Gris oscuro, Turquesa, Rosa, Café
NB-246	Cantimplora con funda de cuero	Sublimación y personalización	Botellas y termos	₡8 000	/products/catalog-verified/nb-246/01-cafe.webp	Café, Blanco, Rosa
NB-247	Cantimplora grabado laser	Sublimación y personalización	Botellas y termos	₡8 000	/products/catalog-verified/nb-247/01-negro.webp	Negro
NB-626	Cartera 13x10cm	Sublimación y personalización	Textiles y bolsos	₡13 500	/products/catalog-verified/nb-626/01-modelo-unico.webp	
NB-302	Ceramica 10x10 cm	Sublimación y personalización	Hogar y decoración	₡2 000	/products/catalog-verified/nb-302/01-modelo-unico.webp	
NB-303	Ceramica 15x15 cm	Sublimación y personalización	Hogar y decoración	₡3 000	/products/catalog-verified/nb-303/01-modelo-unico.webp	
NB-305	Ceramica 20x30 cm	Sublimación y personalización	Hogar y decoración	₡4 000	/products/catalog-verified/nb-305/01-modelo-unico.webp	
NB-308	Ceramica ovalada de 6 cm x 15 cm	Sublimación y personalización	Hogar y decoración	₡6 000	/products/catalog-verified/nb-308/01-modelo-unico.webp	
NB-378	Cinta para gafete en rollo ancho 25mm 100mts	Sublimación y personalización	Llaveros y accesorios	₡21 000	/products/catalog-verified/nb-378/01-modelo-unico.webp	
NB-355	Coctelera 12 oz térmica	Sublimación y personalización	Jarras y cocteleras	₡9 500	/products/catalog-verified/nb-355/01-blanco.webp	Blanco
NB-357	Coctelera 12 oz térmica escarchada	Sublimación y personalización	Jarras y cocteleras	₡12 000	/products/catalog-verified/nb-357/01-plateado.webp	Plateado, Dorado, Menta
NB-360	Coctelera de 12 oz degradada	Sublimación y personalización	Jarras y cocteleras	₡12 000	/products/catalog-verified/nb-360/01-verde-menta.webp	Verde / Menta, Celeste, Rosa
NB-362	Coctelera de 12 oz escarchada encapsulada púrpura	Sublimación y personalización	Jarras y cocteleras	₡16 000	/products/catalog-verified/nb-362/01-modelo-unico.webp	
NB-364	Coctelera de 9 oz térmica	Sublimación y personalización	Jarras y cocteleras	₡10 500	/products/catalog-verified/nb-364/01-modelo-unico.webp	
NB-627	Cojín afelpado de corazón 40x40cm	Sublimación y personalización	Textiles y bolsos	₡6 000	/products/catalog-verified/nb-627/01-rojo-blanco.webp	Rojo / Blanco, Verde claro / Blanco, Rosa / Blanco
NB-631	Cojín cuadrado lentejuelas	Sublimación y personalización	Textiles y bolsos	₡7 500	/products/catalog-verified/nb-631/01-azul-blanco.webp	Azul / Blanco, Negro / Blanco, Plateado / Blanco, Dorado / Blanco, Rojo / Blanco, Celeste / Blanco
NB-632	Cojín cuadrado lentejuelas champagne-blanco	Sublimación y personalización	Textiles y bolsos	₡7 500	/products/catalog-verified/nb-632/01-blanco.webp	Blanco
NB-634	Colgador de bolso corazón	Sublimación y personalización	Textiles y bolsos	₡4 500	/products/catalog-verified/nb-634/01-modelo-unico.webp	
NB-635	Colgador de bolso redondo	Sublimación y personalización	Textiles y bolsos	₡4 000	/products/catalog-verified/nb-635/01-modelo-unico.webp	
NB-658	Copa de acero borde 350 ml	Sublimación y personalización	Vasos y tumblers	₡14 000	/products/catalog-verified/nb-658/01-blanco-dorado.webp	Blanco / Dorado
NB-659	Copa de acero para 350 ml	Sublimación y personalización	Vasos y tumblers	₡15 000	/products/catalog-verified/nb-659/01-vino-blanco.webp	Vino / Blanco
NB-660	Copa de vidrio glaseado 6onz	Sublimación y personalización	Vasos y tumblers	₡6 500	/products/catalog-verified/nb-660/01-modelo-unico.webp	
NB-661	Copa grabado laser	Sublimación y personalización	Vasos y tumblers	₡12 000	/products/catalog-verified/nb-661/01-negro.webp	Negro
NB-636	Cosmetiquera de poliéster	Sublimación y personalización	Textiles y bolsos	₡5 500	/products/catalog-verified/nb-636/01-blanco.webp	Blanco
NB-638	Cosmetiquera ovalada 7.5x22cm	Sublimación y personalización	Textiles y bolsos	₡8 000	/products/catalog-verified/nb-638/01-negro.webp	Negro
NB-639	Cosmetiquera pequeña tela 17x12.5 cm	Sublimación y personalización	Textiles y bolsos	₡3 500	/products/catalog-verified/nb-639/01-modelo-unico.webp	
NB-640	Cosmetiquera tela grande 23 x 16	Sublimación y personalización	Textiles y bolsos	₡5 500	/products/catalog-verified/nb-640/01-modelo-unico.webp	
NB-641	Delantal adulto 17x68cm	Sublimación y personalización	Textiles y bolsos	₡9 000	/products/catalog-verified/nb-641/01-modelo-unico.webp	
NB-643	Delantal de lino 65x82cm	Sublimación y personalización	Textiles y bolsos	₡10 000	/products/catalog-verified/nb-643/01-modelo-unico.webp	
NB-645	Delantal vivo	Sublimación y personalización	Textiles y bolsos	₡5 500	/products/catalog-verified/nb-645/01-rojo.webp	Rojo, Rosa
NB-379	Destapador de botellas redondo magnetico	Sublimación y personalización	Llaveros y accesorios	₡4 000	/products/catalog-verified/nb-379/01-plateado.webp	Plateado
NB-380	Destapador para lanyard 2.5 cm	Sublimación y personalización	Llaveros y accesorios	₡1 500	/products/catalog-verified/nb-380/01-modelo-unico.webp	
NB-310	Espejo cuadrado	Sublimación y personalización	Hogar y decoración	₡3 000	/products/catalog-verified/nb-310/01-modelo-unico.webp	
NB-311	Espejo cuadrado sin puntas	Sublimación y personalización	Hogar y decoración	₡3 000	/products/catalog-verified/nb-311/01-modelo-unico.webp	
NB-312	Espejo ovalado	Sublimación y personalización	Hogar y decoración	₡3 000	/products/catalog-verified/nb-312/01-modelo-unico.webp	
NB-313	Espejo plastico de bolsillo 6x7cm	Sublimación y personalización	Hogar y decoración	₡1 500	/products/catalog-verified/nb-313/01-blanco.webp	Blanco, Fucsia, Morado, Negro, Rosa, Turquesa
NB-314	Espejo rectangular	Sublimación y personalización	Hogar y decoración	₡5 000	/products/catalog-verified/nb-314/01-modelo-unico.webp	
NB-315	Espejo redondo	Sublimación y personalización	Hogar y decoración	₡3 000	/products/catalog-verified/nb-315/01-modelo-unico.webp	
NB-499	Espinillera de futbol tamaño m (8.5x16cm)	Sublimación y personalización	Placas y reconocimientos	₡5 500	/products/catalog-verified/nb-499/01-modelo-unico.webp	
NB-500	Espinillera de futbol tamaño s (7.5x15cm)	Sublimación y personalización	Placas y reconocimientos	₡4 500	/products/catalog-verified/nb-500/01-modelo-unico.webp	
NB-662	Frasco de cerámica 16 oz con tapa de bambú	Sublimación y personalización	Vasos y tumblers	₡8 000	/products/catalog-verified/nb-662/01-modelo-unico.webp	
NB-663	Frasco de cerámica 25 oz con tapa de bambú	Sublimación y personalización	Vasos y tumblers	₡9 500	/products/catalog-verified/nb-663/01-modelo-unico.webp	
NB-664	Frasco de cerámica 30 oz con tapa de bambú	Sublimación y personalización	Vasos y tumblers	₡14 000	/products/catalog-verified/nb-664/01-modelo-unico.webp	
NB-665	Frasco de vidrio glaseado 250 ml con tapa de madera	Sublimación y personalización	Vasos y tumblers	₡7 500	/products/catalog-verified/nb-665/01-modelo-unico.webp	
NB-666	Frasco de vidrio glaseado 450 ml con tapa de madera	Sublimación y personalización	Vasos y tumblers	₡8 000	/products/catalog-verified/nb-666/01-modelo-unico.webp	
NB-667	Frasco de vidrio glaseado 750 ml con tapa de madera	Sublimación y personalización	Vasos y tumblers	₡8 500	/products/catalog-verified/nb-667/01-modelo-unico.webp	
NB-668	Frasco de vidrio glaseado 950 ml con tapa de madera	Sublimación y personalización	Vasos y tumblers	₡9 000	/products/catalog-verified/nb-668/01-modelo-unico.webp	
NB-381	Gafete horizontal acrilico 11x6 cm	Sublimación y personalización	Llaveros y accesorios	₡2 500	/products/catalog-verified/nb-381/01-modelo-unico.webp	
NB-382	Gafete vertical acrilico 11x6cm	Sublimación y personalización	Llaveros y accesorios	₡2 500	/products/catalog-verified/nb-382/01-modelo-unico.webp	
NB-255	Gorra adulto algodon navy	Sublimación y personalización	Gorras y sombreros	₡4 000	/products/catalog-verified/nb-255/01-azul.webp	Azul
NB-256	Gorra adulto malla camuflada	Sublimación y personalización	Gorras y sombreros	₡3 000	/products/catalog-verified/nb-256/01-modelo-unico.webp	
NB-258	Gorra de adulto	Sublimación y personalización	Gorras y sombreros	₡2 500	/products/catalog-verified/nb-258/01-naranja.webp	Naranja, Celeste, Verde oscuro, Azul marino, Amarillo, Negro, Rojo, Burdeo, Fucsia, Café, Verde claro
NB-262	Gorra de adulto tricolor	Sublimación y personalización	Gorras y sombreros	₡3 000	/products/catalog-verified/nb-262/01-modelo-unico.webp	
NB-254	Gorra de algodón adulto	Sublimación y personalización	Gorras y sombreros	₡4 000	/products/catalog-verified/nb-254/01-blanco.webp	Blanco, Azul, Negro, Rojo
NB-267	Gorra de algodón con malla con viscera plana	Sublimación y personalización	Gorras y sombreros	₡10 000	/products/catalog-verified/nb-267/01-negro.webp	Negro
NB-265	Gorra de algodón con malla full	Sublimación y personalización	Gorras y sombreros	₡9 000	/products/catalog-verified/nb-265/01-negro.webp	Negro
NB-269	Gorra de algodón con visera y cierre de velcro	Sublimación y personalización	Gorras y sombreros	₡9 000	/products/catalog-verified/nb-269/01-fucsia.webp	Fucsia, Verde, Rojo, Negro, Azul marino
NB-263	Gorra de algodón full	Sublimación y personalización	Gorras y sombreros	₡3 000	/products/catalog-verified/nb-263/01-blanco.webp	Blanco
NB-268	Gorra de algodón full con víscera plana	Sublimación y personalización	Gorras y sombreros	₡6 500	/products/catalog-verified/nb-268/01-negro.webp	Negro
NB-271	Gorra de malla camuflado	Sublimación y personalización	Gorras y sombreros	₡10 000	/products/catalog-verified/nb-271/01-verde.webp	Verde
NB-270	Gorra de malla con víscera curva y frente	Sublimación y personalización	Gorras y sombreros	₡9 000	/products/catalog-verified/nb-270/01-crema-negro-azul.webp	Crema / Negro / Azul, Beige / Vino / Azul, Negro / Amarillo / Gris, Rosa / Celeste / Negro, Caqui / Verde / Negro, Café / Caqui
NB-275	Gorra de malla con visera curva y frente	Sublimación y personalización	Gorras y sombreros	₡10 000	/products/catalog-verified/nb-275/01-beige-negro-marron.webp	Beige / Negro / Marrón, Negro / Gris, Crema, Gris, Negro / Blanco, Negro / Gris oscuro, Beige / Azul claro
NB-277	Gorra de niño	Sublimación y personalización	Gorras y sombreros	₡2 500	/products/catalog-verified/nb-277/01-naranja.webp	Naranja, Fucsia, Amarillo, Azul, Rosa, Celeste, Negro, Rojo
NB-278	Gorra de niño full	Sublimación y personalización	Gorras y sombreros	₡3 000	/products/catalog-verified/nb-278/01-verde.webp	Verde, Fucsia, Azul, Negro, Verde claro
NB-279	Gorra de niño tricolor	Sublimación y personalización	Gorras y sombreros	₡3 000	/products/catalog-verified/nb-279/01-modelo-unico.webp	
NB-280	Gorra de poliéster con malla y víscera plana	Sublimación y personalización	Gorras y sombreros	₡7 500	/products/catalog-verified/nb-280/01-negro.webp	Negro, Azul, Rojo
NB-281	Gorra niño malla	Sublimación y personalización	Gorras y sombreros	₡3 000	/products/catalog-verified/nb-281/01-negro-blanco.webp	Negro / Blanco, Rojo / Blanco, Rosa / Blanco
NB-369	Jarra de viaje 14 oz	Sublimación y personalización	Jarras y cocteleras	₡8 500	/products/catalog-verified/nb-369/01-modelo-unico.webp	
NB-371	Jarra de viaje degradado con agarradera y tapa 14 oz acero inoxidable 304	Sublimación y personalización	Jarras y cocteleras	₡9 000	/products/catalog-verified/nb-371/01-verde-celeste.webp	Verde / Celeste
NB-670	Jarra mason de vidrio 20 oz con tapa de silicón	Sublimación y personalización	Vasos y tumblers	₡9 000	/products/catalog-verified/nb-670/01-celeste.webp	Celeste, Rosa
NB-669	Jarra mason glaseada 20 oz con tapa de silicón	Sublimación y personalización	Vasos y tumblers	₡6 000	/products/catalog-verified/nb-669/01-verde-menta.webp	Verde / Menta, Rosa, Celeste
NB-372	Jarra termica 14 onz	Sublimación y personalización	Jarras y cocteleras	₡8 000	/products/catalog-verified/nb-372/01-blanco.webp	Blanco
NB-317	Joyero de madera tapa ceramica de 15x15	Sublimación y personalización	Hogar y decoración	₡7 500	/products/catalog-verified/nb-317/01-modelo-unico.webp	
NB-385	Lanyard	Sublimación y personalización	Llaveros y accesorios	₡2 000	/products/catalog-verified/nb-385/01-blanco.webp	Blanco
NB-384	Lanyard 90x2cm	Sublimación y personalización	Llaveros y accesorios	₡2 500	/products/catalog-verified/nb-384/01-modelo-unico.webp	
NB-485	Lapicero con botón cuadrado	Sublimación y personalización	Otros personalizados	₡2 000	/products/catalog-verified/nb-485/01-plateado.webp	Plateado, Blanco
NB-486	Lapicero con botón redondo	Sublimación y personalización	Otros personalizados	₡2 000	/products/catalog-verified/nb-486/01-blanco.webp	Blanco, Plateado
NB-487	Lapicero de aluminio para sublimar	Sublimación y personalización	Otros personalizados	₡2 000	/products/catalog-verified/nb-487/01-plateado.webp	Plateado, Blanco
NB-488	Lapicero punta de goma	Sublimación y personalización	Otros personalizados	₡6 500	/products/catalog-verified/nb-488/01-modelo-unico.webp	
NB-388	Llavero abridor de botellas con forma cuadrada	Sublimación y personalización	Llaveros y accesorios	₡3 000	/products/catalog-verified/nb-388/01-modelo-unico.webp	
NB-389	Llavero abridor de botellas con forma de botella	Sublimación y personalización	Llaveros y accesorios	₡3 000	/products/catalog-verified/nb-389/01-modelo-unico.webp	
NB-386	Llavero abridor de botellas con forma ovalada	Sublimación y personalización	Llaveros y accesorios	₡3 000	/products/catalog-verified/nb-386/01-modelo-unico.webp	
NB-387	Llavero abridor de botellas con forma rectángular	Sublimación y personalización	Llaveros y accesorios	₡3 000	/products/catalog-verified/nb-387/01-modelo-unico.webp	
NB-390	Llavero abridor de botellas con forma redonda	Sublimación y personalización	Llaveros y accesorios	₡3 000	/products/catalog-verified/nb-390/01-modelo-unico.webp	
NB-391	Llavero acrilico 5 cm con borla	Sublimación y personalización	Llaveros y accesorios	₡2 000	/products/catalog-verified/nb-391/01-transparente-morado.webp	Transparente / Morado, Transparente / Rosa
NB-392	Llavero acrilico angel	Sublimación y personalización	Llaveros y accesorios	₡2 000	/products/catalog-verified/nb-392/01-modelo-unico.webp	
NB-393	Llavero acrilico casita	Sublimación y personalización	Llaveros y accesorios	₡2 000	/products/catalog-verified/nb-393/01-modelo-unico.webp	
NB-394	Llavero acrilico chupon	Sublimación y personalización	Llaveros y accesorios	₡2 000	/products/catalog-verified/nb-394/01-modelo-unico.webp	
NB-395	Llavero acrilico corazon	Sublimación y personalización	Llaveros y accesorios	₡2 000	/products/catalog-verified/nb-395/01-modelo-unico.webp	
NB-396	Llavero acrilico cuadrado	Sublimación y personalización	Llaveros y accesorios	₡2 000	/products/catalog-verified/nb-396/01-modelo-unico.webp	
NB-397	Llavero acrilico gato	Sublimación y personalización	Llaveros y accesorios	₡2 000	/products/catalog-verified/nb-397/01-modelo-unico.webp	
NB-398	Llavero acrilico huesito	Sublimación y personalización	Llaveros y accesorios	₡2 000	/products/catalog-verified/nb-398/01-modelo-unico.webp	
NB-399	Llavero acrilico liga	Sublimación y personalización	Llaveros y accesorios	₡2 000	/products/catalog-verified/nb-399/01-modelo-unico.webp	
NB-400	Llavero acrilico mameluco	Sublimación y personalización	Llaveros y accesorios	₡2 000	/products/catalog-verified/nb-400/01-modelo-unico.webp	
NB-401	Llavero acrilico rectangular	Sublimación y personalización	Llaveros y accesorios	₡2 000	/products/catalog-verified/nb-401/01-modelo-unico.webp	
NB-402	Llavero acrilico redondo	Sublimación y personalización	Llaveros y accesorios	₡2 000	/products/catalog-verified/nb-402/01-modelo-unico.webp	
NB-403	Llavero acrilico rombo	Sublimación y personalización	Llaveros y accesorios	₡2 000	/products/catalog-verified/nb-403/01-modelo-unico.webp	
NB-404	Llavero aluminio redondo 5 cm con borla	Sublimación y personalización	Llaveros y accesorios	₡2 000	/products/catalog-verified/nb-404/01-rosa.webp	Rosa, Morado
NB-405	Llavero con forma de camiseta	Sublimación y personalización	Llaveros y accesorios	₡3 000	/products/catalog-verified/nb-405/01-modelo-unico.webp	
NB-407	Llavero con forma de uniforme	Sublimación y personalización	Llaveros y accesorios	₡3 000	/products/catalog-verified/nb-407/01-modelo-unico.webp	
NB-408	Llavero con marco cuadrado metálico	Sublimación y personalización	Llaveros y accesorios	₡3 500	/products/catalog-verified/nb-408/01-modelo-unico.webp	
NB-409	Llavero con marco de corazón metálico	Sublimación y personalización	Llaveros y accesorios	₡3 000	/products/catalog-verified/nb-409/01-modelo-unico.webp	
NB-410	Llavero con marco rectángular metálico	Sublimación y personalización	Llaveros y accesorios	₡3 500	/products/catalog-verified/nb-410/01-modelo-unico.webp	
NB-411	Llavero cuadrado MDF	Sublimación y personalización	Llaveros y accesorios	₡2 500	/products/catalog-verified/nb-411/01-modelo-unico.webp	
NB-412	Llavero de 4 banderas	Sublimación y personalización	Llaveros y accesorios	₡4 500	/products/catalog-verified/nb-412/01-modelo-unico.webp	
NB-413	Llavero de acero placa militar	Sublimación y personalización	Llaveros y accesorios	₡2 500	/products/catalog-verified/nb-413/01-plateado.webp	Plateado, Blanco
NB-414	Llavero de aluminio para placa..rect.. 3x6cm	Sublimación y personalización	Llaveros y accesorios	₡2 000	/products/catalog-verified/nb-414/01-modelo-unico.webp	
NB-415	Llavero de corazón círculo y rectángulo	Sublimación y personalización	Llaveros y accesorios	₡3 000	/products/catalog-verified/nb-415/01-modelo-unico.webp	
NB-416	Llavero de corazón con base	Sublimación y personalización	Llaveros y accesorios	₡3 000	/products/catalog-verified/nb-416/01-modelo-unico.webp	
NB-417	Llavero de corazón con placa	Sublimación y personalización	Llaveros y accesorios	₡3 000	/products/catalog-verified/nb-417/01-modelo-unico.webp	
NB-418	Llavero de corazón MDF	Sublimación y personalización	Llaveros y accesorios	₡2 000	/products/catalog-verified/nb-418/01-modelo-unico.webp	
NB-419	Llavero de corazones MDF	Sublimación y personalización	Llaveros y accesorios	₡3 000	/products/catalog-verified/nb-419/01-modelo-unico.webp	
NB-420	Llavero de dos corazones con cadena	Sublimación y personalización	Llaveros y accesorios	₡7 000	/products/catalog-verified/nb-420/01-modelo-unico.webp	
NB-422	Llavero de metal	Sublimación y personalización	Llaveros y accesorios	₡4 500	/products/catalog-verified/nb-422/01-modelo-unico.webp	
NB-423	Llavero de metal con forma de llave	Sublimación y personalización	Llaveros y accesorios	₡3 000	/products/catalog-verified/nb-423/01-modelo-unico.webp	
NB-424	Llavero de ovalo futbol 6x4x0.3 cm MDF	Sublimación y personalización	Llaveros y accesorios	₡2 500	/products/catalog-verified/nb-424/01-modelo-unico.webp	
NB-425	Llavero de plástico con forma de corazón	Sublimación y personalización	Llaveros y accesorios	₡2 000	/products/catalog-verified/nb-425/01-modelo-unico.webp	
NB-427	Llavero dijes mama	Sublimación y personalización	Llaveros y accesorios	₡3 000	/products/catalog-verified/nb-427/01-modelo-unico.webp	
NB-430	Llavero espejo cuadrado	Sublimación y personalización	Llaveros y accesorios	₡3 000	/products/catalog-verified/nb-430/01-modelo-unico.webp	
NB-431	Llavero espejo ovalado	Sublimación y personalización	Llaveros y accesorios	₡3 000	/products/catalog-verified/nb-431/01-modelo-unico.webp	
NB-434	Llavero metalico camiseta	Sublimación y personalización	Llaveros y accesorios	₡3 000	/products/catalog-verified/nb-434/01-modelo-unico.webp	
NB-435	Llavero metálico con esquinas redondeadas	Sublimación y personalización	Llaveros y accesorios	₡2 500	/products/catalog-verified/nb-435/01-modelo-unico.webp	
NB-436	Llavero metálico con forma de corazón	Sublimación y personalización	Llaveros y accesorios	₡3 000	/products/catalog-verified/nb-436/01-modelo-unico.webp	
NB-433	Llavero metálico con forma ovalada	Sublimación y personalización	Llaveros y accesorios	₡2 500	/products/catalog-verified/nb-433/01-modelo-unico.webp	
NB-437	Llavero metalico cuadrado	Sublimación y personalización	Llaveros y accesorios	₡2 500	/products/catalog-verified/nb-437/01-modelo-unico.webp	
NB-438	Llavero metalico destapador redondo	Sublimación y personalización	Llaveros y accesorios	₡3 000	/products/catalog-verified/nb-438/01-modelo-unico.webp	
NB-439	Llavero metalico ovalado	Sublimación y personalización	Llaveros y accesorios	₡2 500	/products/catalog-verified/nb-439/01-modelo-unico.webp	
NB-440	Llavero metálico rectángular con esquinas redondeadas	Sublimación y personalización	Llaveros y accesorios	₡3 000	/products/catalog-verified/nb-440/01-modelo-unico.webp	
NB-441	Llavero metálico redondo	Sublimación y personalización	Llaveros y accesorios	₡3 000	/products/catalog-verified/nb-441/01-modelo-unico.webp	
NB-442	Llavero metalico rombo	Sublimación y personalización	Llaveros y accesorios	₡3 500	/products/catalog-verified/nb-442/01-modelo-unico.webp	
NB-445	Llavero plástico en forma de hueso	Sublimación y personalización	Llaveros y accesorios	₡2 000	/products/catalog-verified/nb-445/01-modelo-unico.webp	
NB-447	Llavero rectangular MDF	Sublimación y personalización	Llaveros y accesorios	₡2 500	/products/catalog-verified/nb-447/01-modelo-unico.webp	
NB-448	Llavero rectangular metálico	Sublimación y personalización	Llaveros y accesorios	₡2 500	/products/catalog-verified/nb-448/01-modelo-unico.webp	
NB-450	Llavero redondo MDF	Sublimación y personalización	Llaveros y accesorios	₡2 500	/products/catalog-verified/nb-450/01-modelo-unico.webp	
NB-452	Llavero redondo trenzado	Sublimación y personalización	Llaveros y accesorios	₡4 000	/products/catalog-verified/nb-452/01-cafe.webp	Café, Negro, Rojo, Azul
NB-646	Lonchera para sublimar con velcro	Sublimación y personalización	Textiles y bolsos	₡11 000	/products/catalog-verified/nb-646/01-negro.webp	Negro, Rojo
NB-647	Lonchera para sublimar con velcro 20*14.5	Sublimación y personalización	Textiles y bolsos	₡11 000	/products/catalog-verified/nb-647/01-azul.webp	Azul
NB-648	Lonchera plastica	Sublimación y personalización	Textiles y bolsos	₡8 500	/products/catalog-verified/nb-648/01-celeste.webp	Celeste, Rosa
NB-649	Mameluco importado 0 a 3 meses	Sublimación y personalización	Textiles y bolsos	₡5 000	/products/catalog-verified/nb-649/01-negro.webp	Negro, Blanco
NB-306	Mameluco importado 9 a 12 meses	Sublimación y personalización	Hogar y decoración	₡6 000	/products/catalog-verified/nb-306/01-blanco.webp	Blanco, Negro
NB-318	Marco de madera 10x10	Sublimación y personalización	Hogar y decoración	₡4 500	/products/catalog-verified/nb-318/01-modelo-unico.webp	
NB-319	Marco de madera 15x15	Sublimación y personalización	Hogar y decoración	₡5 500	/products/catalog-verified/nb-319/01-modelo-unico.webp	
NB-672	Mason 15 oz con degradado	Sublimación y personalización	Vasos y tumblers	₡3 500	/products/catalog-verified/nb-672/01-transparente-azul.webp	Transparente / Azul, Transparente / Amarillo limón, Transparente / Celeste, Transparente / Rojo, Transparente / Naranja, Transparente / Verde, Transparente / Fucsia, Transparente / Amarillo
NB-673	Mason jar glaseado 350 ml	Sublimación y personalización	Vasos y tumblers	₡5 500	/products/catalog-verified/nb-673/01-modelo-unico.webp	
NB-501	Medalla de bronce diámetro 5.2 cm	Sublimación y personalización	Placas y reconocimientos	₡5 500	/products/catalog-verified/nb-501/01-modelo-unico.webp	
NB-248	Mini cantimplora de 5 oz	Sublimación y personalización	Botellas y termos	₡8 500	/products/catalog-verified/nb-248/01-modelo-unico.webp	
NB-652	Mochila deportiva	Sublimación y personalización	Textiles y bolsos	₡3 000	/products/catalog-verified/nb-652/01-blanco.webp	Blanco
NB-454	Monedero con llavero	Sublimación y personalización	Llaveros y accesorios	₡2 500	/products/catalog-verified/nb-454/01-modelo-unico.webp	
NB-653	Monedero de neopreno	Sublimación y personalización	Textiles y bolsos	₡3 000	/products/catalog-verified/nb-653/01-modelo-unico.webp	
NB-654	Monedero mediano 18 cm x 12.5 cm con tira	Sublimación y personalización	Textiles y bolsos	₡4 000	/products/catalog-verified/nb-654/01-modelo-unico.webp	
NB-593	Monedero pequeño de tela 12.5 x 8.5 cm	Sublimación y personalización	Textiles y bolsos	₡3 000	/products/catalog-verified/nb-593/01-modelo-unico.webp	
NB-489	Mousepad con soporte para la muñeca	Sublimación y personalización	Otros personalizados	₡6 000	/products/catalog-verified/nb-489/01-modelo-unico.webp	
NB-490	Mousepad grande 30x80cm, de 2mm	Sublimación y personalización	Otros personalizados	₡8 000	/products/catalog-verified/nb-490/01-modelo-unico.webp	
NB-492	Mousepad rectángular 3mm 39x30cm	Sublimación y personalización	Otros personalizados	₡5 500	/products/catalog-verified/nb-492/01-modelo-unico.webp	
NB-493	Mousepad rectángular 5mm 22x18cm	Sublimación y personalización	Otros personalizados	₡3 000	/products/catalog-verified/nb-493/01-modelo-unico.webp	
NB-656	Pantufla unitalla	Sublimación y personalización	Textiles y bolsos	₡2 500	/products/catalog-verified/nb-656/01-modelo-unico.webp	
NB-455	Placa de aluminio con forma de hueso	Sublimación y personalización	Llaveros y accesorios	₡1 500	/products/catalog-verified/nb-455/01-plateado.webp	Plateado
NB-456	Placa de alumino para carro 30 x 15 cm	Sublimación y personalización	Llaveros y accesorios	₡8 000	/products/catalog-verified/nb-456/01-modelo-unico.webp	
NB-457	Placa de alumino para moto 10 x 18 cm	Sublimación y personalización	Llaveros y accesorios	₡6 000	/products/catalog-verified/nb-457/01-modelo-unico.webp	
NB-458	Placa de identificación en forma de arco	Sublimación y personalización	Llaveros y accesorios	₡5 500	/products/catalog-verified/nb-458/01-modelo-unico.webp	
NB-459	Placa de identificación en forma de corazón	Sublimación y personalización	Llaveros y accesorios	₡3 000	/products/catalog-verified/nb-459/01-modelo-unico.webp	
NB-460	Placa de identificación ovalada	Sublimación y personalización	Llaveros y accesorios	₡4 500	/products/catalog-verified/nb-460/01-modelo-unico.webp	
NB-461	Placa de identificación rectangular	Sublimación y personalización	Llaveros y accesorios	₡5 500	/products/catalog-verified/nb-461/01-modelo-unico.webp	
NB-462	Placa metálica 15x30cm	Sublimación y personalización	Llaveros y accesorios	₡13 500	/products/catalog-verified/nb-462/01-modelo-unico.webp	
NB-463	Placa metálica con forma de hueso	Sublimación y personalización	Llaveros y accesorios	₡5 000	/products/catalog-verified/nb-463/01-modelo-unico.webp	
NB-466	Placa para mascota con borde	Sublimación y personalización	Llaveros y accesorios	₡2 500	/products/catalog-verified/nb-466/01-rojo.webp	Rojo, Rosa, Negro, Celeste
NB-467	Placa para mascota con forma de huella	Sublimación y personalización	Llaveros y accesorios	₡2 500	/products/catalog-verified/nb-467/01-celeste.webp	Celeste, Amarillo, Rojo, Negro, Rosa
NB-468	Placa tipo cedula acrilica	Sublimación y personalización	Llaveros y accesorios	₡1 500	/products/catalog-verified/nb-468/01-modelo-unico.webp	
NB-469	Placa tipo cedula aluminio 8.5 x 5.5 cm	Sublimación y personalización	Llaveros y accesorios	₡2 000	/products/catalog-verified/nb-469/01-blanco.webp	Blanco
NB-470	Plaquita de aluminio circular grande 5 cm	Sublimación y personalización	Llaveros y accesorios	₡1 500	/products/catalog-verified/nb-470/01-modelo-unico.webp	
NB-471	Plaquita de aluminio cuadrada	Sublimación y personalización	Llaveros y accesorios	₡1 500	/products/catalog-verified/nb-471/01-modelo-unico.webp	
NB-473	Plaquita de aluminio estrella	Sublimación y personalización	Llaveros y accesorios	₡1 500	/products/catalog-verified/nb-473/01-modelo-unico.webp	
NB-474	Plaquita de aluminio flor	Sublimación y personalización	Llaveros y accesorios	₡1 500	/products/catalog-verified/nb-474/01-modelo-unico.webp	
NB-475	Plaquita de aluminio huesito grande	Sublimación y personalización	Llaveros y accesorios	₡1 500	/products/catalog-verified/nb-475/01-modelo-unico.webp	
NB-476	Plaquita de aluminio mickey mouse	Sublimación y personalización	Llaveros y accesorios	₡1 500	/products/catalog-verified/nb-476/01-modelo-unico.webp	
NB-478	Plaquita de aluminio ovalada	Sublimación y personalización	Llaveros y accesorios	₡1 500	/products/catalog-verified/nb-478/01-modelo-unico.webp	
NB-479	Plaquita de aluminio rectangular	Sublimación y personalización	Llaveros y accesorios	₡1 500	/products/catalog-verified/nb-479/01-modelo-unico.webp	
NB-480	Plaquita de aluminio rombo	Sublimación y personalización	Llaveros y accesorios	₡1 500	/products/catalog-verified/nb-480/01-modelo-unico.webp	
NB-249	Porta botella de neopreno 9.5 cm x 20.5 cm	Sublimación y personalización	Botellas y termos	₡4 000	/products/catalog-verified/nb-249/01-modelo-unico.webp	
NB-481	Porta gafete yoyo	Sublimación y personalización	Llaveros y accesorios	₡2 500	/products/catalog-verified/nb-481/01-blanco.webp	Blanco, Negro
NB-321	Porta lapices de madera 10 x 10 cm	Sublimación y personalización	Hogar y decoración	₡7 000	/products/catalog-verified/nb-321/01-modelo-unico.webp	
NB-495	Porta pasaporte nylon 14x9 cm	Sublimación y personalización	Otros personalizados	₡6 500	/products/catalog-verified/nb-495/01-modelo-unico.webp	
NB-674	Porta vasos de cerámica pentagrama con corcho	Sublimación y personalización	Vasos y tumblers	₡2 000	/products/catalog-verified/nb-674/01-modelo-unico.webp	
NB-675	Posa vaso con 7 luces led	Sublimación y personalización	Vasos y tumblers	₡1 500	/products/catalog-verified/nb-675/01-modelo-unico.webp	
NB-676	Posa vaso de piedra cuadrado para grabar	Sublimación y personalización	Vasos y tumblers	₡2 500	/products/catalog-verified/nb-676/01-modelo-unico.webp	
NB-677	Posa vaso de piedra redondo para grabar	Sublimación y personalización	Vasos y tumblers	₡2 500	/products/catalog-verified/nb-677/01-modelo-unico.webp	
NB-678	Posa vaso neopreno cuadrado	Sublimación y personalización	Vasos y tumblers	₡2 000	/products/catalog-verified/nb-678/01-modelo-unico.webp	
NB-679	Posa vaso neopreno redondo	Sublimación y personalización	Vasos y tumblers	₡2 000	/products/catalog-verified/nb-679/01-modelo-unico.webp	
NB-680	Posa vasos de cerámica redondo con corcho	Sublimación y personalización	Vasos y tumblers	₡2 500	/products/catalog-verified/nb-680/01-modelo-unico.webp	
NB-503	Reconocimiento corazón	Sublimación y personalización	Placas y reconocimientos	₡16 500	/products/catalog-verified/nb-503/01-modelo-unico.webp	
NB-504	Reconocimiento de cristal	Sublimación y personalización	Placas y reconocimientos	₡30 000	/products/catalog-verified/nb-504/01-modelo-unico.webp	
NB-505	Reconocimiento de cristal girasol	Sublimación y personalización	Placas y reconocimientos	₡24 500	/products/catalog-verified/nb-505/01-modelo-unico.webp	
NB-508	Reconocimiento de cristal iceberg	Sublimación y personalización	Placas y reconocimientos	₡17 000	/products/catalog-verified/nb-508/01-modelo-unico.webp	
NB-506	Reconocimiento de cristal octaedro	Sublimación y personalización	Placas y reconocimientos	₡17 000	/products/catalog-verified/nb-506/01-modelo-unico.webp	
NB-507	Reconocimiento de cristal rectangular	Sublimación y personalización	Placas y reconocimientos	₡17 500	/products/catalog-verified/nb-507/01-modelo-unico.webp	
NB-322	Reconocimiento piedra manzana	Sublimación y personalización	Hogar y decoración	₡15 000	/products/catalog-verified/nb-322/01-modelo-unico.webp	
NB-324	Reloj cuadrado para escritorio	Sublimación y personalización	Hogar y decoración	₡7 000	/products/catalog-verified/nb-324/01-modelo-unico.webp	
NB-325	Reloj de pared MDF 20x20 cuadrado	Sublimación y personalización	Hogar y decoración	₡6 000	/products/catalog-verified/nb-325/01-modelo-unico.webp	
NB-326	Reloj de pared MDF 20x20 redondo	Sublimación y personalización	Hogar y decoración	₡6 000	/products/catalog-verified/nb-326/01-modelo-unico.webp	
NB-327	Reloj de pared MDF 20x30 rectangular	Sublimación y personalización	Hogar y decoración	₡7 500	/products/catalog-verified/nb-327/01-modelo-unico.webp	
NB-328	Reloj despertador de mesa redondo 10.5 x 10.7 x 4 cm	Sublimación y personalización	Hogar y decoración	₡8 000	/products/catalog-verified/nb-328/01-rosa.webp	Rosa, Celeste, Negro, Blanco
NB-329	Reloj digital con luces led	Sublimación y personalización	Hogar y decoración	₡7 500	/products/catalog-verified/nb-329/01-modelo-unico.webp	
NB-330	Reloj digital led con alarma	Sublimación y personalización	Hogar y decoración	₡7 500	/products/catalog-verified/nb-330/01-modelo-unico.webp	
NB-331	Reloj plywood 10 cm con base	Sublimación y personalización	Hogar y decoración	₡5 500	/products/catalog-verified/nb-331/01-modelo-unico.webp	
NB-332	Reloj retro redondo 11x11	Sublimación y personalización	Hogar y decoración	₡7 500	/products/catalog-verified/nb-332/01-blanco.webp	Blanco, Negro, Rosa
NB-335	Retablo de madera hexagono 17x20	Sublimación y personalización	Hogar y decoración	₡6 000	/products/catalog-verified/nb-335/01-modelo-unico.webp	
NB-336	Retablo de mandera corazon 15mm 20x20	Sublimación y personalización	Hogar y decoración	₡6 000	/products/catalog-verified/nb-336/01-modelo-unico.webp	
NB-337	Retablo de mandera cuadrado 5mm 15x15	Sublimación y personalización	Hogar y decoración	₡6 000	/products/catalog-verified/nb-337/01-modelo-unico.webp	
NB-338	Retablo de mandera delgado corazon 9mm 15x15	Sublimación y personalización	Hogar y decoración	₡6 000	/products/catalog-verified/nb-338/01-modelo-unico.webp	
NB-339	Retablo de mandera horizontal 5mm 20x25	Sublimación y personalización	Hogar y decoración	₡8 500	/products/catalog-verified/nb-339/01-modelo-unico.webp	
NB-340	Retablo de mandera vertical 5mm 10x15	Sublimación y personalización	Hogar y decoración	₡5 000	/products/catalog-verified/nb-340/01-modelo-unico.webp	
NB-341	Retablo de plywood 15mm 25x25	Sublimación y personalización	Hogar y decoración	₡11 500	/products/catalog-verified/nb-341/01-modelo-unico.webp	
NB-342	Retablo de plywood 15mm 30x30	Sublimación y personalización	Hogar y decoración	₡12 500	/products/catalog-verified/nb-342/01-modelo-unico.webp	
NB-343	Retablo de plywood cuadrado 15mm 15x15	Sublimación y personalización	Hogar y decoración	₡7 500	/products/catalog-verified/nb-343/01-modelo-unico.webp	
NB-344	Retablo de plywood redondo 15mm 25 cm	Sublimación y personalización	Hogar y decoración	₡10 000	/products/catalog-verified/nb-344/01-modelo-unico.webp	
NB-345	Retablo de vidrio 20x20	Sublimación y personalización	Hogar y decoración	₡6 000	/products/catalog-verified/nb-345/01-modelo-unico.webp	
NB-346	Retablo puzzle 15mm 22x22	Sublimación y personalización	Hogar y decoración	₡7 500	/products/catalog-verified/nb-346/01-blanco.webp	Blanco
NB-347	Retablo redondo 15mm 20 cm	Sublimación y personalización	Hogar y decoración	₡5 000	/products/catalog-verified/nb-347/01-blanco.webp	Blanco
NB-348	Roca 15x15	Sublimación y personalización	Hogar y decoración	₡5 500	/products/catalog-verified/nb-348/01-modelo-unico.webp	
NB-349	Roca 20x20 cm	Sublimación y personalización	Hogar y decoración	₡6 500	/products/catalog-verified/nb-349/01-modelo-unico.webp	
NB-350	Roca 30x30 cm	Sublimación y personalización	Hogar y decoración	₡11 500	/products/catalog-verified/nb-350/01-modelo-unico.webp	
NB-509	Rompecabezas 12 piezas grandes 24x19	Sublimación y personalización	Rompecabezas y juegos	₡3 000	/products/catalog-verified/nb-509/01-modelo-unico.webp	
NB-510	Rompecabezas 20.5x29 cm 99 piezas	Sublimación y personalización	Rompecabezas y juegos	₡3 000	/products/catalog-verified/nb-510/01-modelo-unico.webp	
NB-512	Rompecabezas 80 piezas	Sublimación y personalización	Rompecabezas y juegos	₡3 000	/products/catalog-verified/nb-512/01-modelo-unico.webp	
NB-514	Rompecabezas mediano 21x18cm	Sublimación y personalización	Rompecabezas y juegos	₡3 000	/products/catalog-verified/nb-514/01-modelo-unico.webp	
NB-515	Rompecabezas portaretrato cuadrado 20x25	Sublimación y personalización	Rompecabezas y juegos	₡4 000	/products/catalog-verified/nb-515/01-modelo-unico.webp	
NB-516	Rompecabezas rectangular 10x15, 35 piezas	Sublimación y personalización	Rompecabezas y juegos	₡2 000	/products/catalog-verified/nb-516/01-modelo-unico.webp	
NB-250	Set de 2 cocteleras 12 oz y botella 25 oz acero inoxidable 304	Sublimación y personalización	Botellas y termos	₡39 000	/products/catalog-verified/nb-250/01-dorado.webp	Dorado
NB-251	Set de 2 cocteleras 12 oz y botella 25 oz degradado acero inoxidable 304	Sublimación y personalización	Botellas y termos	₡43 500	/products/catalog-verified/nb-251/01-rosa-turquesa.webp	Rosa / Turquesa
NB-681	Skinny tumbler de acero escarchado 600 ml	Sublimación y personalización	Vasos y tumblers	₡14 500	/products/catalog-verified/nb-681/01-celeste.webp	Celeste
NB-682	Skinny tumbler de vidrio glaseado 750 ml	Sublimación y personalización	Vasos y tumblers	₡7 000	/products/catalog-verified/nb-682/01-modelo-unico.webp	
NB-282	Sombrero tipo pescador	Sublimación y personalización	Gorras y sombreros	₡12 000	/products/catalog-verified/nb-282/01-negro.webp	Negro
NB-283	Sombrero tipo pescador camuflado	Sublimación y personalización	Gorras y sombreros	₡12 000	/products/catalog-verified/nb-283/01-verde.webp	Verde
NB-284	Sombrero tipo safari	Sublimación y personalización	Gorras y sombreros	₡13 500	/products/catalog-verified/nb-284/01-negro.webp	Negro, Beige
NB-496	Sombrilla para sublimar 23”	Sublimación y personalización	Otros personalizados	₡11 000	/products/catalog-verified/nb-496/01-modelo-unico.webp	
NB-497	Soporte para celular acrilico	Sublimación y personalización	Otros personalizados	₡5 000	/products/catalog-verified/nb-497/01-modelo-unico.webp	
NB-351	Tapete para secar platos 40x45cm	Sublimación y personalización	Hogar y decoración	₡8 000	/products/catalog-verified/nb-351/01-modelo-unico.webp	
NB-522	Taza 11 oz con textura de mármol	Sublimación y personalización	Tazas	₡5 500	/products/catalog-verified/nb-522/01-azul.webp	Azul, Rosa, Gris
NB-524	Taza 11 oz mágica	Sublimación y personalización	Tazas	₡3 000	/products/catalog-verified/nb-524/01-modelo-unico.webp	
NB-526	Taza 6 oz	Sublimación y personalización	Tazas	₡2 000	/products/catalog-verified/nb-526/01-blanco.webp	Blanco
NB-527	Taza acero inoxidable apilable con agarradera 13 oz	Sublimación y personalización	Tazas	₡18 000	/products/catalog-verified/nb-527/01-blanco.webp	Blanco
NB-528	Taza acero inoxidable carabiner handle 300 ml	Sublimación y personalización	Tazas	₡7 500	/products/catalog-verified/nb-528/01-plateado.webp	Plateado, Blanco
NB-529	Taza acero inoxidable con agarradera y tapa 12 oz	Sublimación y personalización	Tazas	₡13 500	/products/catalog-verified/nb-529/01-blanco.webp	Blanco
NB-530	Taza acero inoxidable con agarradera y tapa 14 oz	Sublimación y personalización	Tazas	₡19 000	/products/catalog-verified/nb-530/01-blanco.webp	Blanco
NB-531	Taza acero inoxidable de 600 ml con agarradera	Sublimación y personalización	Tazas	₡14 500	/products/catalog-verified/nb-531/01-modelo-unico.webp	
NB-532	Taza asa corazon	Sublimación y personalización	Tazas	₡3 000	/products/catalog-verified/nb-532/01-blanco.webp	Blanco
NB-533	Taza asa interior 11 onz	Sublimación y personalización	Tazas	₡2 500	/products/catalog-verified/nb-533/01-amarillo.webp	Amarillo, Celeste, Rosa, Verde oscuro, Rojo
NB-535	Taza con agarradera de corazón 11 oz	Sublimación y personalización	Tazas	₡3 000	/products/catalog-verified/nb-535/01-modelo-unico.webp	
NB-536	Taza con bolita 11 onz	Sublimación y personalización	Tazas	₡4 000	/products/catalog-verified/nb-536/01-modelo-unico.webp	
NB-537	Taza con ventana	Sublimación y personalización	Tazas	₡4 000	/products/catalog-verified/nb-537/01-negro.webp	Negro
NB-538	Taza cónica 12 oz	Sublimación y personalización	Tazas	₡3 000	/products/catalog-verified/nb-538/01-modelo-unico.webp	Blanco
NB-548	Taza de 11 oz	Sublimación y personalización	Tazas	₡2 000	/products/catalog-verified/nb-548/01-blanco.webp	Blanco
NB-540	Taza de 11 oz con borde y agarradera	Sublimación y personalización	Tazas	₡3 000	/products/catalog-verified/nb-540/01-verde.webp	Verde
NB-546	Taza de 11 oz con fondo de y agarradera de corazón	Sublimación y personalización	Tazas	₡3 000	/products/catalog-verified/nb-546/01-rosa.webp	Rosa, Negro, Celeste, Rojo
NB-542	Taza de 11 oz con fondo y agarradera	Sublimación y personalización	Tazas	₡2 500	/products/catalog-verified/nb-542/01-verde.webp	Verde, Azul
NB-544	Taza de 11onz sin caja blue heat	Sublimación y personalización	Tazas	₡1 500	/products/catalog-verified/nb-544/01-blanco.webp	Blanco
NB-549	Taza de 14 oz bicolor	Sublimación y personalización	Tazas	₡5 000	/products/catalog-verified/nb-549/01-modelo-unico.webp	
NB-552	Taza de 15 oz	Sublimación y personalización	Tazas	₡3 000	/products/catalog-verified/nb-552/01-blanco.webp	Blanco
NB-550	Taza de 15 oz con fondo y agarradera	Sublimación y personalización	Tazas	₡4 500	/products/catalog-verified/nb-550/01-modelo-unico.webp	
NB-553	Taza de 20 oz	Sublimación y personalización	Tazas	₡7 500	/products/catalog-verified/nb-553/01-blanco.webp	Blanco
NB-554	Taza de 350 ml de acero inoxidable	Sublimación y personalización	Tazas	₡7 500	/products/catalog-verified/nb-554/01-cafe-blanco.webp	Café / Blanco
NB-534	Taza de cerámica 13 oz esmaltada	Sublimación y personalización	Tazas	₡5 500	/products/catalog-verified/nb-534/01-modelo-unico.webp	
NB-560	Taza de eco cerámica 11 oz	Sublimación y personalización	Tazas	₡7 500	/products/catalog-verified/nb-560/01-modelo-unico.webp	
NB-562	Taza de vidrio 11 oz con fondo	Sublimación y personalización	Tazas	₡4 000	/products/catalog-verified/nb-562/01-transparente-amarillo-limon.webp	Transparente / Amarillo limón, Transparente / Amarillo, Transparente / Verde, Transparente / Fucsia, Transparente / Azul, Transparente / Celeste, Transparente / Naranja, Transparente / Rojo
NB-563	Taza de vidrio glaseado asa	Sublimación y personalización	Tazas	₡3 000	/products/catalog-verified/nb-563/01-rosa.webp	Rosa, Blanco
NB-565	Taza enamel 12 oz borde	Sublimación y personalización	Tazas	₡5 500	/products/catalog-verified/nb-565/01-plateado.webp	Plateado, Negro, Azul
NB-561	Taza enamel 12 oz grisaseo	Sublimación y personalización	Tazas	₡6 500	/products/catalog-verified/nb-561/01-modelo-unico.webp	
NB-568	Taza enamel(peltre) 11 oz borde	Sublimación y personalización	Tazas	₡5 000	/products/catalog-verified/nb-568/01-plateado.webp	Plateado, Rojo, Negro
NB-569	Taza enamel(peltre) 11 oz borde cobalto	Sublimación y personalización	Tazas	₡5 500	/products/catalog-verified/nb-569/01-azul.webp	Azul
NB-570	Taza escarchada 11 oz	Sublimación y personalización	Tazas	₡4 000	/products/catalog-verified/nb-570/01-dorado.webp	Dorado, Plateado
NB-571	Taza escarchada 11 oz con degradado dorado-purpura	Sublimación y personalización	Tazas	₡4 000	/products/catalog-verified/nb-571/01-dorado.webp	Dorado
NB-573	Taza mágica 11 oz (cielo estrellado)	Sublimación y personalización	Tazas	₡3 000	/products/catalog-verified/nb-573/01-azul.webp	Azul, Rojo, Negro
NB-579	Taza mágica 11 oz de agarradera de corazón	Sublimación y personalización	Tazas	₡6 000	/products/catalog-verified/nb-579/01-modelo-unico.webp	
NB-575	Taza magica completa	Sublimación y personalización	Tazas	₡5 000	/products/catalog-verified/nb-575/01-negro.webp	Negro
NB-576	Taza mágica con fondo y cuchara de de 11 oz	Sublimación y personalización	Tazas	₡5 500	/products/catalog-verified/nb-576/01-verde.webp	Verde
NB-577	Taza mágica de 11 oz brillante	Sublimación y personalización	Tazas	₡3 000	/products/catalog-verified/nb-577/01-modelo-unico.webp	
NB-578	Taza mágica de 11 oz con fondo y cuchara	Sublimación y personalización	Tazas	₡5 500	/products/catalog-verified/nb-578/01-modelo-unico.webp	
NB-525	Taza mágica de 15 oz	Sublimación y personalización	Tazas	₡5 500	/products/catalog-verified/nb-525/01-modelo-unico.webp	
NB-581	Taza magica interior	Sublimación y personalización	Tazas	₡3 000	/products/catalog-verified/nb-581/01-blanco.webp	Blanco
NB-583	Taza metalizada 11 oz cobre	Sublimación y personalización	Tazas	₡3 500	/products/catalog-verified/nb-583/01-modelo-unico.webp	
NB-584	Taza metalizada 11 oz esmeralda	Sublimación y personalización	Tazas	₡3 500	/products/catalog-verified/nb-584/01-verde.webp	Verde
NB-572	Taza purpura escarchada encapsulada acero inoxidable con agarradera y tapa 12 oz	Sublimación y personalización	Tazas	₡18 000	/products/catalog-verified/nb-572/01-modelo-unico.webp	
NB-586	Taza vidrio glaseada	Sublimación y personalización	Tazas	₡3 000	/products/catalog-verified/nb-586/02-azul.webp	Azul, Celeste, Naranja, Rojo, Verde
NB-587	Taza vidrio glaseado	Sublimación y personalización	Tazas	₡3 000	/products/catalog-verified/nb-587/01-modelo-unico.webp	
NB-683	Tequilero 3 onz glaseado	Sublimación y personalización	Vasos y tumblers	₡3 000	/products/catalog-verified/nb-683/01-modelo-unico.webp	
NB-684	Tequilero glaseado degradado 3 onz	Sublimación y personalización	Vasos y tumblers	₡3 000	/products/catalog-verified/nb-684/01-amarillo.webp	Amarillo, Celeste, Rojo, Rosa, Verde
NB-685	Tequilero parche borde 3 onz	Sublimación y personalización	Vasos y tumblers	₡3 500	/products/catalog-verified/nb-685/01-dorado.webp	Dorado
NB-253	Termo de acero tapa 500 ml	Sublimación y personalización	Botellas y termos	₡15 500	/products/catalog-verified/nb-253/01-blanco-negro.webp	Blanco / Negro
NB-688	Tumbler 30 oz acero inoxidable	Sublimación y personalización	Vasos y tumblers	₡13 500	/products/catalog-verified/nb-688/01-blanco.webp	Blanco, Plateado
NB-687	Tumbler 30onz borde holografico	Sublimación y personalización	Vasos y tumblers	₡10 500	/products/catalog-verified/nb-687/01-modelo-unico.webp	
NB-689	Tumbler 40 onz recto para sublimar	Sublimación y personalización	Vasos y tumblers	₡15 500	/products/catalog-verified/nb-689/01-modelo-unico.webp	
NB-690	Tumbler 40 oz con agarradera acero inoxidable	Sublimación y personalización	Vasos y tumblers	₡15 000	/products/catalog-verified/nb-690/01-dorado.webp	Dorado
NB-691	Tumbler conico termico 20 onz	Sublimación y personalización	Vasos y tumblers	₡10 000	/products/catalog-verified/nb-691/01-fucsia.webp	Fucsia, Menta, Negro, Rosa
NB-693	Tumbler de 30 onz termico	Sublimación y personalización	Vasos y tumblers	₡10 500	/products/catalog-verified/nb-693/01-fucsia.webp	Fucsia, Rosa
NB-694	Tumbler escarchado 40 oz con agarradera acero inoxidable	Sublimación y personalización	Vasos y tumblers	₡18 500	/products/catalog-verified/nb-694/01-plateado.webp	Plateado
NB-695	Tumbler tipo vaso de acero 10onz	Sublimación y personalización	Vasos y tumblers	₡9 000	/products/catalog-verified/nb-695/01-negro.webp	Negro
NB-696	Vasito tequilero de 3 oz con degradado	Sublimación y personalización	Vasos y tumblers	₡3 000	/products/catalog-verified/nb-696/01-negro.webp	Negro, Celeste, Verde, Rojo, Azul, Naranja, Amarillo, Amarillo limón, Fucsia
NB-700	Vaso coctelero de acero	Sublimación y personalización	Vasos y tumblers	₡9 500	/products/catalog-verified/nb-700/01-blanco.webp	Blanco, Plateado, Menta
NB-701	Vaso coctelero de acero escarchada	Sublimación y personalización	Vasos y tumblers	₡14 500	/products/catalog-verified/nb-701/01-dorado.webp	Dorado, Rosa
NB-702	Vaso coctelero de acero escarchado	Sublimación y personalización	Vasos y tumblers	₡15 000	/products/catalog-verified/nb-702/01-plateado.webp	Plateado
NB-704	Vaso coctelero de vidrio glaseado	Sublimación y personalización	Vasos y tumblers	₡6 000	/products/catalog-verified/nb-704/01-modelo-unico.webp	
NB-697	Vaso de acero inoxidable 480 ml térmica	Sublimación y personalización	Vasos y tumblers	₡14 500	/products/catalog-verified/nb-697/01-blanco.webp	Blanco, Plateado
NB-706	Vaso deportivo acero doble pared 450 ml	Sublimación y personalización	Vasos y tumblers	₡9 000	/products/catalog-verified/nb-706/01-plateado.webp	Plateado, Blanco
NB-707	Vaso tequilero 3 oz con borde	Sublimación y personalización	Vasos y tumblers	₡3 500	/products/catalog-verified/nb-707/01-dorado.webp	Dorado
NB-708	Vaso tequilero 3 oz glaseado	Sublimación y personalización	Vasos y tumblers	₡3 000	/products/catalog-verified/nb-708/01-modelo-unico.webp	
NB-710	Vaso térmico acero inoxidable 600 ml cambia de con los rayos uv	Sublimación y personalización	Vasos y tumblers	₡16 000	/products/catalog-verified/nb-710/01-blanco-rosa.webp	Blanco / Rosa, Blanco / Celeste
NB-711	Vaso térmico acero inoxidable 600 ml escarchado	Sublimación y personalización	Vasos y tumblers	₡15 000	/products/catalog-verified/nb-711/01-plateado.webp	Plateado, Dorado, Rosa, Menta
NB-712	Vaso térmico acero inoxidable escarchado encapsulado 600 ml	Sublimación y personalización	Vasos y tumblers	₡15 000	/products/catalog-verified/nb-712/01-azul-oscuro.webp	Azul oscuro, Rojo, Verde, Celeste, Blanco
NB-709	Vaso térmico skinny acero inoxidable 600 ml	Sublimación y personalización	Vasos y tumblers	₡10 500	/products/catalog-verified/nb-709/01-blanco.webp	Blanco, Plateado
NB-714	Vaso vidrio transp doble pared bambu 16onz snow globe	Sublimación y personalización	Vasos y tumblers	₡7 000	/products/catalog-verified/nb-714/01-modelo-unico.webp	
NB-716	Vaso whiskero 350 ml acero inoxidable 304	Sublimación y personalización	Vasos y tumblers	₡11 500	/products/catalog-verified/nb-716/01-naranja-neon.webp	Naranja neón, Verde neón
NB-717	Vaso whiskero glaseado 8 oz	Sublimación y personalización	Vasos y tumblers	₡3 500	/products/catalog-verified/nb-717/01-modelo-unico.webp	
NB-718	Vaso wisquero 8 onz	Sublimación y personalización	Vasos y tumblers	₡3 500	/products/catalog-verified/nb-718/01-modelo-unico.webp	
NB-285	Visera de algodón con cierre de velcro	Sublimación y personalización	Gorras y sombreros	₡8 500	/products/catalog-verified/nb-285/01-azul-marino.webp	Azul marino, Negro, Gris, Rosa
NB-286	Visera de poliéster con cierre de velcro	Sublimación y personalización	Gorras y sombreros	₡8 500	/products/catalog-verified/nb-286/01-blanco.webp	Blanco
NB-287	Visera premium	Sublimación y personalización	Gorras y sombreros	₡3 500	/products/catalog-verified/nb-287/01-blanco.webp	Blanco
NB-288	Visera premium algodon	Sublimación y personalización	Gorras y sombreros	₡3 500	/products/catalog-verified/nb-288/01-negro.webp	Negro, Rojo
